epoch,jam,mph,kmh
1790146566.0,14:56:05,10,16.1
1790146572.8,14:56:12,13,20.9
1790146577.8,14:56:17,20,32.2
1790146582.8,14:56:22,20,32.2
1790146587.8,14:56:27,20,32.2
1790146591.9,14:56:31,20,32.2
1790146596.9,14:56:36,10,16.1
1790146601.9,14:56:41,10,16.1
1790146606.9,14:56:46,18,29.0
1790146615.8,14:56:55,19,30.6
1790146620.8,14:57:00,12,19.3
1790146625.8,14:57:05,16,25.7
1790146632.9,14:57:12,15,24.1
1790146637.9,14:57:17,12,19.3
1790146642.9,14:57:22,17,27.4
1790146662.1,14:57:42,17,27.4
1790146667.1,14:57:47,9,14.5
1790146672.1,14:57:52,12,19.3
1790146669.6,14:57:49,17,27.4
1790146674.6,14:57:54,16,25.7
1790146679.6,14:57:59,15,24.1
1790146684.6,14:58:04,10,16.1
1790146716.0,14:58:35,0,0.0
